x1,x2,x3,y
0.20229100747282924,-0.9070223782535447,0.17603252933487457,2.391215084551237
-0.46202185303962917,0.732855124488978,-0.6178480976872953,-1.7892830033085356
0.9660106198280185,-0.7728979687326436,-0.21396606381233374,1.3241574126496691
-1.0,0.42720507000927777,-0.9356313183785954,11.962254578884405
1.0,0.27502226911345207,-1.0,11.293235545157385
0.5512278112078481,0.7483465831797012,0.25719451395654724,1.5867760519618053
1.0,0.0019143728777839542,-0.908988890191549,8.537099865597016
-0.5921606467144638,-0.6207578408806953,0.10565799652837238,2.0665568604002598
-1.0,-0.48658959174043637,-1.0,6.1832173712075855
-1.0,-0.1813002505203325,-0.4510709301773981,-3.4836820287562458
-0.9409119801744212,-0.005717840883818992,0.5080726678077887,-2.79706265684597
-0.8574127642404474,0.20280788429032004,-0.03719215391958408,-3.1484211640227033
0.11380686828185604,-0.966299291988989,0.328624148201369,1.0441718080018343
-0.4564806293967836,0.3957537743708277,-0.8420693513234689,-2.08630386683191
0.6341335403064552,0.804464452216465,-0.2391919253670245,3.2112228333152495
0.6708887638389158,-0.22015535843328804,0.21527380588289113,1.457000654734698
0.23526462232165013,-0.5273596985086337,-0.3606545419232361,0.9362224758117459
-0.21778990316467373,-0.31727400598491373,-0.2922740705767519,1.2471825797690501
-0.4710179642388881,0.04399039963129603,-0.1560569310984956,-0.33346805714648464
-0.8465201521976973,0.08987996987671498,0.2205891330294263,-2.7463900642422683
1.0,-0.07608781213137794,1.0,10.499676395011711
0.4150938672592168,0.41812970489829504,0.8903906493061529,1.4640078615250949
0.7270292368998346,-0.6971322094494508,0.5166737296966848,-0.055475892226538814
-1.0,0.9489803415341369,0.8768687754363595,5.504995941122346
0.30113099323844184,0.9890137541384962,0.24787981564377826,7.14862447631355
0.1072242509084671,-0.5520976407281315,0.27938226134900623,0.8205115134101734
0.20537860427773347,-0.03685210260379135,-0.6138195966526989,1.7454853232074674
0.08193186477851233,-0.27155664758392506,0.0010495986024947612,1.7690046603417722
0.33376562219126216,-1.0,0.5731735219439582,0.8742805940844177
1.0,0.12147610672322129,-0.43337177544995886,4.350063666975733
0.4403843508319609,1.0,-1.0,6.283629739592451
-0.09823582826638422,-1.0,-1.0,-16.24585098814078
-0.5016568912339074,0.7991099147988541,-0.4670423782909401,-0.7892803833593233
1.0,-0.6839981407227691,0.17137878253316408,1.743695151898907
0.5229761368596557,-1.0,1.0,-6.733818392224874
0.2501336530163887,0.9077121365903553,-0.9238387526131853,2.019894694564964
1.0,-1.0,1.0,-9.156293623391814
0.514227867037496,-0.253226630221983,-0.2813317629845873,1.3913719458386824
1.0,-0.5693879614716733,0.5669921553236401,3.828905717451054
0.2741615948361247,0.9953847325556047,-0.48673332654965895,10.108125453039422
-0.5889353005964253,-1.0,0.43353693112571046,4.042300738611596
0.9657762016141578,-0.09940563226274124,0.11421259389820482,4.383545497866042
-1.0,-0.2236110064146286,0.48616196827255664,-1.924277070008091
0.03970718192135925,-0.08484655617208103,0.45100799815931203,0.3944476822564206
-1.0,1.0,-0.1136317681771859,9.494700375815182
-1.0,-0.0006923042388975453,0.5759950938554093,-2.957020767391091
-0.5759816550052592,0.5689520549315485,0.06253474281080917,-2.0751794554728513
-1.0,0.7000834856412703,0.028307029887175705,-0.7635715691200236
-0.2517210932999143,-0.4822624713915524,0.5854279812656211,-0.18176303477345013
0.3820969181111653,1.0,-1.0,5.290902881222334
-0.3342815666273615,-0.6616042065046377,1.0,-1.0945234284691638
0.19654078345414416,1.0,-0.1455461322803231,9.204802738661387
-0.6450859918911711,0.8043587726304744,0.1487249627838949,-1.1513727404476757
0.1306160844328308,-0.44758478857472617,-0.9056893712462348,-2.297301889102463
-0.7310923904754971,1.0,0.6700676726673247,5.119490488440141
-0.5311324677234641,-1.0,-1.0,-11.696930394943562
0.282012365728852,1.0,0.759117492660571,8.373739931643176
-0.2574080995626882,0.27112795808159196,-0.39156172345844875,0.023868709902699903
1.0,-0.9335635013931711,-1.0,-18.66447094103236
-0.08412054106759115,0.22636983098725882,0.5264174248797926,0.052357032002643425
-0.015383731956356339,-0.86988645389632,0.6246367008643152,-0.6424240881395837
-0.011175607662335052,-0.4751305707567943,-0.32523172841552106,1.4003886182064036
-0.0916318772286655,-1.0,0.2453554424060449,1.7090171828830245
-0.34609672137125935,-0.3194429356099304,1.0,0.16253649003765563
-0.587086597109493,-0.2219476394491302,0.7483030175884022,0.34093365891526417
-1.0,1.0,-0.20437702380311773,10.751940886113323
-0.7772957173899389,-0.9010544889676604,-1.0,-2.0441179715185265
0.33256515965143785,-0.2018267951387771,-0.2971926313404325,1.6484229028432522
0.844157178274827,0.7906740473446756,-1.0,6.815039797065872
1.0,0.1598780491658498,0.6846994766006143,9.517274133084815
1.0,-1.0,1.0,-9.834042824905552
-1.0,0.2600261162267685,-0.14912419556833356,-3.5841115170174334
-0.03167550471446323,-0.382486495412105,0.16677832229949408,0.6195937913932715
-0.22321784840639225,0.4702912673529498,-0.1250480455685381,-0.66299317462539
-0.4264652451621189,-0.5138072379655583,0.8656599751459699,0.4969328631810066
0.4210251502264821,-0.35410509124789113,-0.8339987011216095,-0.3121729686859634
-0.9376224582088146,0.2322223919100983,-0.8499284163446217,4.617478384825775
1.0,0.7954683899669099,-0.6773308732130441,10.280402617194277
-0.1684256398546995,-0.3480403714511733,1.0,-0.6048070367318072
1.0,-0.8595266395520615,-1.0,-10.694165882268058
0.4055094382476401,0.07946914520636006,0.035525155268960384,1.7362028005251418
-0.30966070816132163,0.9860447834471919,0.4455213051748468,5.683599608840025
1.0,1.0,0.44063320329989253,13.311247184133856
1.0,-1.0,-0.8754902983002115,-20.832302822553437
1.0,0.11077749930613079,-1.0,9.445573252951627
0.846907873917172,0.13251730407849305,0.05021788607502109,1.9406285585888061
-1.0,0.3161851105081346,0.2943041149486434,-5.218377827540004
0.4826496636409161,-0.17576170258060775,-1.0,-3.340365972196482
0.03512618892263952,-0.004748030834340611,0.09660009005848247,1.117526226966062
1.0,-0.3282371559030772,-0.5970169173893185,4.916201150045066
-0.054545783010244486,-0.30316761011822635,-0.17378269168207794,0.4869459038696023
0.8739332566792983,0.021854636474573974,1.0,6.480164031448343
1.0,-1.0,0.14069628007145307,-7.706101177213462
0.40258200333806604,0.4195182190137854,-0.353766033165686,1.1167064755875526
0.48523317067008165,1.0,-0.1449267340103655,8.53298427167923
-1.0,-0.8296831134841958,-0.009562588399335992,4.0163083032255535
1.0,-0.03342479968680867,0.3853747973457189,6.293364733962621
-1.0,-0.2938598828424859,0.25227025379540824,-2.9910893633246602
-0.3717718614547969,1.0,-0.6818785866372301,7.01368085813061
1.0,0.9539490260548245,-0.25050376121809004,13.177498344745917
-1.0,0.511121286910903,1.0,6.457849131773396
-1.0,0.36648794479949043,-0.98025117190857,14.433976579428567
0.5029543710152886,0.04174867674146365,-0.3563366154403691,0.48740757511652477
0.4707934352352878,-0.7707789380418546,-0.13009760468670195,1.3708754182977334
0.18989213472544586,-0.7188784789886773,1.0,-4.210480313519678
-0.24346636335829186,-0.6420206542912621,1.0,-1.0589401004667185
0.8813311239446164,0.3667773434441428,0.8309397943002057,8.388994841069996
-0.06204027356296771,-1.0,1.0,-6.490841705368257
-0.9944155680723701,-1.0,-0.48167553225240267,5.418893858189228
0.005179657033026919,1.0,1.0,13.153006088990377
-1.0,1.0,-1.0,21.769267846197586
-0.6953169663805772,-0.9513167971267569,0.3754661841428035,5.423914870238905
-0.43346002459183763,1.0,0.15302453963366958,6.52995363269749
0.32256300792966197,0.6995696126043884,-0.5947819589432259,1.6471280452115504
-0.7894191582397003,-0.4310920785622434,-0.7798658513384855,1.8697181593867702
0.7314330005477632,-1.0,-1.0,-25.67686389728001
-1.0,-0.7443195424361104,-1.0,4.97018587458176
-0.6070087959814405,-0.5658068864650598,-1.0,-1.4745944561935622
0.8261813122911323,-0.18178755461468765,-0.4476358849077766,1.8076021821759491
-1.0,0.9296786687365295,-0.6900042320750002,10.755021552511176
1.0,-0.5831161574042183,-0.8788107764445656,4.179387566614164
-0.04509650861895165,0.5447147825963985,0.028501625653073237,0.16604131159184188
0.1705379885136784,-0.8590005671121779,1.0,-4.097933914284344
-1.0,-0.8845265138382956,-0.8443643443866038,2.976587080545415
-0.022401614497306266,0.9783622087516339,-1.0,1.961777806562235
0.437116325834356,-0.6874487017844231,-0.21163095379566466,1.9459446533563658
-0.9763638218567556,0.21659341435362878,-0.554486405981893,-0.4274626088180894
-0.4725051187456477,1.0,1.0,15.992703661631909
-1.0,0.4937286848322022,0.9253472314462763,1.0955099425549437
-0.43011568329416594,0.9262136020380991,0.8452335122201065,8.497125253175216
1.0,0.1453041261654533,0.8495807266879003,11.58599696784357
0.5871329052498109,-0.20923798804668592,1.0,-2.755424041931167
-0.43139471109404925,-1.0,-0.07396455696286286,2.957691649367158
-0.17734195104764172,1.0,0.42281611266496166,7.403600980179493
0.32439956769917866,-0.19798378360736013,0.888609029044384,-0.9855181358924737
0.8256724906700679,0.20467313119940012,0.6550377351539542,4.229085454454948
-0.7925088628516177,-1.0,0.18822139891594558,6.891725213471254
0.22673534651100202,0.3187664695739658,1.0,1.469223170313698
-0.7338701893975652,0.5424285562136293,-0.08786689142597437,-2.1311188443947335
-0.48544556541172734,-1.0,0.4207232725359187,3.2227966740343024
0.6379148137207531,0.7606943004516376,0.5279657027849307,3.4273086745696415
-0.3859194604409635,0.5199055988935395,1.0,3.850420127339224
-1.0,-1.0,-0.3214987255921298,6.907060508211821
-1.0,0.6047251243105212,0.093955554658667,-2.4746472602509697
0.1071311918759088,-0.4470957007987346,0.6840715624078155,0.8182399153179802
0.2789268321975664,0.47540753564384874,0.7754039197673248,0.797985364330501
0.43050934278861397,-1.0,1.0,-6.451807315452671
0.1340349700708383,-0.4751885681936008,0.7002144089325038,-0.1914388955163974
0.4912844141209862,0.32367933714537056,-0.501805813840543,0.20875004199606784
-0.6039666839626974,-1.0,-0.15900425495123272,4.630956024970474
0.19923130589674298,-1.0,-0.3054787442453355,0.5024646081304782
-0.5616745658097231,1.0,0.30563668305703806,4.891913605243807
-0.03750409630669527,1.0,0.860357559240932,11.051952263317474
-0.6905959472288465,-1.0,0.12157835305237286,6.150270911289641
0.6039106195358257,-0.15569805696853956,-1.0,-3.9366564806437223
0.8826949773920925,0.6498039779884137,0.3941227319147367,5.807678895120814
1.0,-1.0,-1.0,-28.908144666684475
0.5688787334104071,0.5530598311246258,1.0,5.141074313638044
-0.5175694013180991,-0.134395034649764,1.0,1.3660353739601856
-0.2933547623601549,-1.0,-1.0,-14.492814541118282
-1.0,0.027451491297330266,-0.7166605735819442,1.2005690691686428
1.0,0.3484724138745947,-0.11220491282326273,5.455895099683811
-1.0,1.0,-0.6579871430875377,12.774134931139397
-0.11970056362787562,-0.22306408275347223,-1.0,-4.240601555840857
0.3673686794350548,-0.5130000874648422,-0.9955229797965202,-5.6681730285497895
-0.3471074988794567,0.6269648901638829,-0.8541398127105699,-2.408973276904662
0.08062444167679517,-1.0,-0.38420304061140387,1.0007107609454995
-0.04539318075639365,0.7640678855927059,1.0,7.703878941242779
-1.0,0.19786884671604765,-0.14396129450877204,-3.6535442941727316
-0.22198629728567076,0.43721410170604025,-0.9783699966237653,-3.873646066229024
0.1547050601469322,6.739824380708193e-05,-0.9615241688458935,-2.589325509260169
0.8889556796355098,0.34076142484172367,-1.0,5.152475001585154
-0.1333349076550956,0.03444142052838517,0.8321748486601206,-0.3360210797182558
0.06627706532548316,0.35178921738763913,1.0,2.605204475022016
-0.3995586289018196,0.848613323709337,0.2599177043001686,1.2831133831948296
-1.0,0.6844530470598218,-0.2669222901141439,1.3255726328234405
-0.9189819938562795,0.08476219692769926,-0.2431809250509016,-2.6997515598970114
-1.0,-1.0,0.183448148830879,8.811267067770208
0.5524062798091827,0.10140970510812863,0.07434683748333559,1.0586956059087396
1.0,1.0,-1.0,38.707171237257334
1.0,0.7354017838629059,1.0,26.118315657609145
0.19502156388581504,1.0,0.03990036022051213,8.244416702581416
1.0,-0.07112557988340584,0.02677088157461016,4.64842650856281
0.01738331754995781,0.560186057857395,-0.9181841682017553,-2.447004287159406
-0.02319192293852379,-0.1149980673460278,1.0,-0.10791158564769039
-0.17160148509131568,-1.0,0.016815557623713673,3.2779745520063486
0.289554193209997,1.0,-0.29052392093590385,9.332341245971605
0.015670520871733595,-1.0,0.09274124294544572,2.4867327706961535
-1.0,-0.6308317617038404,-1.0,5.258906546689535
-0.9259062887676097,0.07522109466821925,0.07254405462324565,-3.217934948801218
0.3044749851046362,-1.0,-1.0,-20.846236649742842
-1.0,-1.0,-0.28651320870674346,6.738307706135385
1.0,-0.0843102266858049,1.0,11.129502505238307
-0.014188706260800377,-0.76440736471311,-0.7290581690636129,-1.9317184753831609
0.4488144921888404,1.0,1.0,10.137273063061919
1.0,-0.5430232019030607,-1.0,0.5557780794054232
0.10581762034511177,0.08459432626816521,-1.0,-3.1569468664743936
0.05272640349769597,0.05280830133683767,0.9955937499492076,0.4916801916531734
0.9849367285992681,0.33951928013122457,0.4108258720624707,6.955087465575858
-0.4960683523334024,-0.249099331655809,0.214224316086848,0.3870227217237736
-0.09076043993945215,0.09329160321428764,1.0,1.0452993588894988
1.0,-0.7475869593339204,0.4104839806271259,0.8560324128072865
-0.19384228709576523,-0.43635491724828945,1.0,-1.269013177347265
0.10235679522917729,-0.06634230460316526,0.42000888473386544,0.5637649499112588
-0.8356873837279866,0.763840648988148,-0.8518233977228551,2.3350203483955188
0.03394442492287486,-0.003893601704121341,0.03225810636247872,0.38778116786939
-0.24076215990731642,0.48102887581071485,-1.0,-2.906448124395367
0.39339483188167357,-1.0,-0.5412741726396315,-2.756174385971687
-0.1258591907055131,0.08615407484502358,-0.7326519146438564,0.13734693645306745
0.9171046736858355,1.0,0.6250452950580003,12.579234960842111
-0.207357297036316,0.40827301796893467,-1.0,-3.6164744791066803
0.267870002585072,0.9655097592068302,-0.17959159837431748,6.7733401979824395
0.25321690346621617,0.13208463448047914,1.0,-0.05524764661469478
-0.9561934193314283,-0.910125464195626,1.0,15.551382044382027
0.5456883838489781,1.0,0.28784555817386814,6.509581819045945
0.40800410725084646,1.0,1.0,10.281597730279117
-0.25149170675978105,-0.7589181750923606,-1.0,-7.470124161851617
-0.23087915626646316,-1.0,1.0,-5.179586976381274
0.4700302869492563,0.880390508698766,-1.0,-0.49956151371332014
-0.6417101774747658,-0.09858088216428618,-1.0,1.0332636321724795
1.0,-0.5699732062640708,-0.20827562555625523,3.461361577378362
0.16507595282302678,0.23451613666138038,-0.38760480887309456,0.49251747318524597
-1.0,0.040622111015385265,0.15198038131804892,-5.137659726167776
1.0,-0.9308306865841742,1.0,-4.964348387888294
0.4800814792728896,-0.4767828992633394,1.0,-2.7402195725270975
-0.8203237252308662,0.3867507397399137,0.11919295757189774,-3.1791911773177675
-0.9345398160557872,-0.3774250438649376,0.012994812584629756,-0.9625781528394828
-0.5739210395480985,1.0,1.0,15.764288657559534
0.42568772148440925,1.0,0.6427384052558109,8.033971436389814
0.14160990585664268,-0.7739687951647276,0.8345217140419345,-0.6379469639433833
0.18419294756398807,-0.2725608810093343,-0.5048398531616616,1.4871823633023906
0.4002642349471397,-1.0,-1.0,-20.276996182256994
0.28216300815705253,0.5679951836172619,1.0,3.4458163169088007
-0.2597047223734348,0.17054994518910926,1.0,1.5827089435243287
-0.9062165927069705,0.5729137923510954,-0.9125242803620544,6.27348495978591
-0.960571770716427,-0.9319711657619554,1.0,16.954421617780536
0.31541350293445514,-1.0,-0.19082496392217152,1.762516549870476
-0.5587535540363184,-1.0,-1.0,-11.316875805604148
1.0,-1.0,0.2285822409390117,-7.3027009810936985
-1.0,0.5691468390630596,0.5346941208546181,-4.703004328228117
1.0,-0.15723628980309257,-0.07085978138804405,4.287092041042403
0.3029997145725907,-0.5002049330078175,-0.13681992243343855,1.1246204440438545
-0.1043302702365525,-1.0,0.2703343486324543,1.5380582487652412
1.0,0.7481211350871153,-0.0063111639953084,7.498715607763575
0.46617633673715253,-0.6005729970742792,0.2093794530745623,0.774703501596806
-0.7805537941902192,0.40464348452691157,-0.2961570848062489,-2.539009810430637
-0.30116474588050224,-0.3730080740745212,-0.12134734022135785,1.1074056480478258
0.27063715949604705,-1.0,1.0,-7.512898973373256
0.5991271721422256,0.27937841749051695,-0.9599019072037276,-1.1953430986382656
-0.8606447699864685,0.6426634748183364,-1.0,7.171470742050738
1.0,-1.0,-1.0,-30.019153863060524
-0.581141124509607,0.2984319541291558,1.0,2.651228574555447
0.30404651912766156,-0.6233041411481923,0.2606175060220588,0.8917624326806495
0.5368703269931849,-0.09322942653654875,0.668601766664648,1.6571767221468345
-0.4041939660362981,0.5541471511192464,-0.670080450972997,-1.1054518479266546
-0.6463664789848516,0.28296187106471526,-0.2764977955906289,-1.0213261499200388
0.3915102098773149,-0.2957333607809265,0.44836710234167465,0.7915959560238963
-0.028706353681409613,-1.0,-0.6475926675324546,-2.4805872145602597
0.5383529535427887,0.62107020310936,0.37183298910290397,1.56628692664999
0.17419899677243222,-0.30800622188798443,0.3111927956096947,0.8609958018373145
1.0,-0.0007802824952607423,0.9455646272594085,11.875745940012832
-0.18980254994200196,-1.0,0.5964561929480252,0.3057848645231794
-0.2737144657557329,-0.23893955051322702,0.40623466842390954,0.6362055521671686
-1.0,1.0,0.39112379888186166,2.402040202564657
-0.6059723442240095,0.29458488446822173,0.03523369655284214,-1.5465796488078394
-0.6223323631971445,-1.0,0.024891868962547914,5.435299806479694
-0.3652372114375302,0.5715571969428541,-0.49403807285576984,-1.093778234418357
0.04940567355700187,1.0,-1.0,4.625503487834982
-0.6333839335250535,-0.20287915580323612,-1.0,-0.1794074121776329
0.10143419745709492,0.6339284151346889,-0.6843207142823913,1.0663339047915672
0.9745023291734685,1.0,-0.042172014429918026,13.644255045513036
-0.868562959126316,0.0051729113707570384,1.0,2.913409781784088
0.2947558607757339,0.8901597993967749,0.19495241455290113,3.7264813144055737
0.08454187606623464,0.4955932256124653,-0.6232206268908445,0.3762399737174892
-0.3875864571928884,-1.0,0.05360975756928976,3.165360525340302
-0.21209674844769144,0.3628218479215255,0.46632287204456624,-0.4738901979309642
-0.9698703102248516,-0.17652374200041576,-0.43398156810652,-1.9379468108483824
0.48576916417062876,0.01630961570347811,-0.13958217561417996,1.3514818920390197
-0.6248780286042332,1.0,0.22727978520836323,3.8085262384266887
-1.0,-0.6339918591562912,0.5613224724283035,3.8380781203575856
0.30228053310002423,0.7236782269849535,-0.07032878265452847,0.9924976371687243
0.20194215599256315,0.5387930525455635,0.13946016835602681,0.6458403246975781
-0.7218326084989102,-0.5579581038078052,-1.0,0.02663903771489584
0.8206611489325026,-0.03780687179507636,0.09438777162615875,2.8021284092444354
0.14312617969518193,0.14668163180759963,-1.0,-4.052841905475599
-0.7666056774968288,-0.48510488305021315,0.6567326011844243,0.7058202144451474
1.0,-0.2871323830596262,1.0,7.278171429753929
0.4862589860083357,0.4811436672077065,-0.7876665008719337,-0.15365081116272394
-0.9193704267164098,-1.0,-0.10923191781226271,6.9349880026710435
-1.0,0.2555796193863076,0.24037776586449255,-4.052553334897981
-0.030261667061326936,0.35795991551092277,-0.43053793429772735,-0.16560317958792048
0.07492026226410231,-0.8153077215280038,0.48561193126780666,0.9347490284574863
-0.29441412558721125,-1.0,-1.0,-14.413259020466912
-0.1711388443725217,0.8162200768519958,-0.25989331938388016,1.331200676658308
-1.0,0.5131283760071959,0.24477647058813456,-3.7792664112432948
-0.8421887740645226,-1.0,-0.29957361578481034,6.682661881697866
0.1425885884651399,0.1350433680374663,-0.7616510852855944,0.6572853046265651
-0.49066314549999857,0.014426098387460895,0.03029765433367837,-0.8056140015668417
-1.0,1.0,0.08266577382296902,7.0138731926038975
0.3784687767949513,0.790477411371443,0.3489059358931297,1.8014931404399093
0.4742496772952147,-0.22633355822963863,-0.5415128358240571,0.9734518890901351
0.6433367932319152,-0.3859597279706912,-0.46635972911317136,1.9210540458006633
-0.748663077738486,-0.41067875974669743,-0.5216678212658985,1.3804635379628674
-0.7446160628508651,-0.22265401729330314,0.5506169957515985,-1.060460900768384
-0.2068539858942411,-0.4489289115095434,1.0,-0.4058543208142443
0.21415660106347967,-0.92533611988228,0.36916606411724606,0.8828930977624021
1.0,-0.3984450031757516,0.3097099163496999,3.991807974533528
-0.8243579338315725,1.0,0.6501623688734082,2.621338353341382
0.6058904455521419,0.2404876739757591,-1.0,-1.912004878705825
-0.9243140861348096,0.2333312006379593,-0.2651296191106385,-3.0018040914044697
-0.3313731421420414,0.8110298867095189,-1.0,-3.570424099462143
-0.04103651539088249,0.08113884696445228,-0.26466458570841156,0.837273253758387
-0.21195043694454618,0.2160441170664804,-0.5432183507225055,0.6543753203984113
-0.940683958816273,1.0,-0.5030693893891267,8.013772959848769
0.8574437718370436,-0.8707612622337659,-0.42111425499382693,-1.0137888370512569
1.0,-0.9377567693513569,1.0,-6.178836927627081
-1.0,0.7633277684393249,0.409661149983201,-2.418841782985889
0.28710170542732505,0.4534168498673079,0.4698736180965022,0.6933069581616129
0.17059223841997295,-1.0,-0.27225052695173013,2.2613783776672993
0.6765840876113582,-1.0,-1.0,-25.57021733785713
-0.6112492514188304,-0.12530210937348119,0.387455337071684,-1.0617245252164924
-0.5871077358769885,-0.4462277714841376,-1.0,-1.2317404377110788
-0.9830328832372124,1.0,-0.7120482297434592,12.263001109817198
-0.5952176791487624,-0.5279757211182601,1.0,1.8895264448663383
-1.0,-0.49252247365158364,0.6910893715974391,2.1511042937212026
-0.6852526387670532,-0.36526839267473377,1.0,2.7408741369813328
-1.0,1.0,-0.1451978008715098,9.242690691337973
0.2907887849306361,0.017497207973379947,0.22751406072929758,1.7984583083464794
1.0,0.2803426660248103,0.6698070227393851,10.120025194947754
-0.17334148161651197,-0.27607498926754803,1.0,-0.3145184798483683
0.02999649482987521,0.4887782069632618,1.0,3.2898356506462516
-0.10040432376821551,-0.7244314447245357,0.7852861418402981,-0.2474914306686039
0.8682182325660357,0.12342908192660418,1.0,7.925850082190227
-0.05031698188343925,-0.9568496440441612,0.5546040066106803,0.13024438976185793
0.8020953257620387,-0.05220205613164519,0.20686102579456334,2.2484382312754305
0.2057324193818606,0.598553818067852,-0.5147380776872603,1.4914494636219542
0.5718394412849508,-0.3284300988832296,0.15270504890708092,0.7225825383535278
-0.2191622602291976,-0.07910405302075763,1.0,0.906789291472799
-0.33941576332932666,-0.03080919890373246,-0.4606696548345548,0.6575170602932526
0.3724739226940319,-0.19599048709696598,-0.12296897473027091,0.5730878847377715
-0.9001792295498106,0.8057011326417305,-0.4938263203373534,0.9226139336973016
-0.3069443317152345,-0.47211077479585617,-0.05441517696940856,1.1635079552908023
0.15065949995639527,0.49331270203146027,0.1470460891172356,0.4440222122399081
-1.0,-1.0,-0.3004068397509334,5.571016364276767
-1.0,1.0,1.0,17.74618294512318
1.0,0.36035113628297366,0.8860684429367058,15.232328241142437
0.06810494989885196,-1.0,0.11495539086559803,1.7953020546127147
0.3439834835684128,0.4016425443558551,0.31684156166317834,1.6807208151416848
-0.13439393068498484,-0.3275526557414494,-0.2474573787169676,0.8281684819195629
0.3872010531771035,-0.6769065980229818,-0.35753016274388516,1.5428900656598856
0.2858523849063779,-0.8634658875392203,0.20081612249683967,1.7388278412949456
-0.7465252127298476,0.29458742441813746,0.6735843723366992,-2.1607602539379496
0.5610360446623823,-0.670814163594496,0.43760771447217595,0.770711238845098
-0.3402025622633913,-0.4482442696111215,-0.6338131600163817,0.49159838564505187
-1.0,0.679616667157793,1.0,8.463430776321298
-0.12796304512678547,-1.0,0.22909896342105385,2.3844839119391725
0.3688829739913606,0.16441807626247096,1.0,0.7145611029395416
-0.576134926513783,-0.9918057354159087,-1.0,-9.634140464053825
1.0,-0.479051146735767,-0.6971539086999128,6.176224550760207
-0.3639517589496537,0.5934479357011953,-0.6907527928645327,-1.1240798737576316
-0.15088667324931992,1.0,-0.7585976123393081,8.078654222111645
0.48228654949332106,-1.0,0.11482477724057838,-0.5652305822997057
-1.0,0.5768984582818091,-0.26076973059239017,-0.5389447702935565
1.0,0.21433024032509063,0.9768668506356153,16.01932850972327
-0.44238585061194935,0.5537681248980426,-0.8674943045177292,-1.6107870530089454
1.0,0.6374016246661651,-0.2469166132327314,7.050909331025369
-0.01673003131266304,-0.22789057843699667,0.6556477639510261,0.9513672739102363
1.0,-0.04454525329615655,1.0,11.690822592229457
-1.0,-0.561960426415816,-1.0,5.6467981579013635
0.41258399450877814,1.0,-0.6765241100680457,12.015408869991678
1.0,0.1501658899918945,-1.0,9.636848395853594
0.15517363073726687,0.12908968366090434,1.0,0.9053137916049963
-0.11848720746521191,-0.48271265225401705,-0.10957607469661679,1.493793757334087
-0.04742076171294052,-0.7975373129469381,-0.7391501162248288,-1.206707231666743
0.9391676261890516,0.5428303859764452,0.5075653937872011,7.742353896700084
0.018670888985755862,0.002772274172622824,-1.0,-3.8082053053283476
-0.8350945197957873,-1.0,-0.8417676512669012,-0.2797986226173637
1.0,-0.3370003155005581,-0.20622260160564965,3.6620979323270735
0.11817601227691132,0.10883644051225838,-1.0,-3.0008684680645863
0.43457657756953094,0.6210095338062593,0.023520241347420257,1.2223173040775526
-0.8358914082233915,0.6928307253654375,-0.4952540794219946,-1.4729739682306249
-0.9236387038695897,-0.8323260046913099,-0.7619930032777549,3.0645292214900657
-1.0,0.27465551059278104,-0.5324005034245671,-0.64858448716148
1.0,-0.43058101805234705,-0.5659980603986707,4.94461564507922
0.13963726632526696,1.0,0.40517536304291957,7.368023564019069
-1.0,0.016134114956104284,-0.4050749186171638,-2.688874704073787
0.3738160815850662,-0.7355404052078118,1.0,-4.07433666857514
-0.6383110491028829,-0.17852254619511188,0.8732742469692552,0.9750427800078966
-0.2451027610703722,-0.212280170292924,0.22070455948181,0.5561313942946073
0.8076043823471788,-0.2719897684908421,0.6575120835564716,1.9630529974600968
0.4679455298764037,0.145387153470804,0.013060190868308341,1.5513398205773612
-0.9468803950657889,0.4706661113340651,0.19302730888591468,-4.024017020582949
0.06517479948010951,0.5729398695891066,-0.376156399840589,0.6439047846812902
1.0,-1.0,-1.0,-29.672248805322607
-1.0,0.4012480500887434,-0.7848137234012005,5.739932386879644
0.24742794996463502,-0.8511181729740256,1.0,-4.313304366474965
-1.0,0.5324092154968276,-0.8093109894473653,7.761565247026757
0.22717749861275438,-0.9290958218799541,0.49463473596599616,0.579756925911205
-0.9367242915727061,-0.6871093678377946,-1.0,4.100295898672186
0.0697460853615055,-0.5216106474256279,0.07777577985806294,0.667995621596182
-0.33269657778814965,0.005307281714009404,-0.44865875745916717,0.9180605434682858
0.38169976107677184,-0.9950896777186069,-0.8089738313830943,-9.104193751703923
-1.0,0.4001866836582808,-1.0,16.282239945208627
-0.22813901515385382,-1.0,-0.8058473636917911,-6.3656188042605795
-0.4512011596883838,-0.6844716080143542,-0.7428991668520817,0.4283432543498969
0.1436977056484896,0.026616294867681578,1.0,-0.21362552485738878
0.9863359824775397,-1.0,-0.6699547972081805,-13.427537868253664
0.4618438407226293,-0.7423263588481448,0.6724820853742384,-0.09683903741859581
0.14157001068773223,0.470683706007305,-0.003813697485837597,1.1738527485593502
0.02822309484800911,-0.20084809554464833,1.0,-0.7984255586247667
0.7972159010398776,0.44136416082837293,0.4918936983291866,3.8580256400654123
-0.6098960338868058,-1.0,0.2707016886411353,4.49061761555583
1.0,0.021006901944227163,1.0,13.010238866742784
-0.05452626016680617,-0.8583646718168116,1.0,-3.0627517223138216
-0.8331545341089914,1.0,-1.0,5.46472636287842
1.0,-0.6136217437884053,0.6210452789047671,3.84810957745471
0.5069064528698102,1.0,-0.5799274721186751,11.988002869742672
0.11628305848828213,1.0,-1.0,4.3225831624783915
-0.9335367291789365,0.6583426548492293,-1.0,12.734912624584965
0.4775376988940725,0.7871743504340036,0.39388790120499495,2.4254080079465252
-0.11993767161174063,-0.2600744798914638,0.5104554332394424,0.7050142682249916
-0.6515638058638771,1.0,-0.626942316895901,3.817207050348583
0.36458149599526357,-0.9260783224472542,0.9775831065663032,-5.731583794979247
-0.5583202950912329,-1.0,-0.9323629813531222,-7.614623230034058
-0.47736051735130114,-0.28491484146542767,-0.3377363354786749,1.2298378616794658
1.0,-0.7654115867233586,-0.39419044656796287,1.1576190468529384
0.16422197760403456,0.04121820556676603,1.0,-0.5415714668261555
0.14550373125381832,1.0,-0.23802561761842922,8.939954920873067
0.14607960766166328,-1.0,-0.06692038654803145,2.5067551818300355
0.7936814696512162,0.8493918132198148,0.5280337933604535,4.8946495056096415
-0.11699119067919472,1.0,-1.0,2.7576392249687514
-0.038458677167208855,0.6517060036387623,-0.11733450550898539,0.08250052584145628
0.8825396816404094,0.3633970619830269,0.28740091730147754,4.287361674672854
0.09189285581456064,1.0,0.014801789915743324,7.623333308943036
0.3912788011272412,0.843079503426446,0.5674253823366844,3.9078575124573036
-1.0,-0.9739456146516903,0.4003395831757468,10.89159034214476
-0.15378311302332448,-1.0,-0.6332677936863096,-2.5096920589309004
-0.7735984876937068,-0.6749639486718886,-1.0,0.7188419534093349
1.0,0.8393318654716984,-0.0907463713684935,9.166165143840193
1.0,-0.1620158435055854,1.0,9.870545827231956
-0.48408268127566534,0.376144534659278,-0.033925469923987484,-1.2027649293785292
1.0,-0.04318749730895455,-0.7593310575434902,5.961383487955052
0.7556148086232048,0.6134809670008305,0.8407623482470081,6.510942819918143
0.8235235731947397,-0.22749556311643504,0.29612816674193776,2.025944749623453
-0.9055722719636545,1.0,-0.382795048168487,6.978293543225729
-0.850537845597982,-0.11414355328520287,-0.7905227975817894,2.003001693531115
0.8004341894689391,-1.0,-0.13706444742816704,-4.1880962534358845
-0.15804736877832282,-0.8593188934639753,-0.47224698552541633,1.0814093936458584
1.0,-1.0,-0.31866595568772516,-10.34946881162969
-0.7103670887528575,-1.0,-0.12719869244829574,4.789438872300815
0.35181483163450444,0.7820035311759979,-0.9164402131641587,-0.16095759415667404
-0.31296567231223404,0.316853863096332,0.9527430836121116,2.126682011057366
0.3874263422421098,-1.0,-0.31931634479043947,-0.3778705401964298
-0.4145577557569855,-1.0,0.26965495043498944,3.027693576773651
1.0,-0.37902611369066097,1.0,6.222884903648607
-0.6593607731235633,0.7590787630998643,0.6734859182062294,0.13906550545969443
0.8658890487224178,0.23658629724909663,-0.8233352157009735,3.3962698058915035
0.7341464632409989,0.8249485008831232,-0.4304694347089013,4.517834361617897
0.5297576262927775,0.006130098691945252,0.5469956324958003,1.4257344648864996
0.9999580462136828,1.0,-1.0,39.314464461764885
-0.9267241193177269,0.15017742875403783,0.7847089653775892,-2.1287966789579316
0.4666950830126697,-0.8545142247009552,0.9250161968567743,-2.192147046710329
-1.0,0.25520154467241896,-1.0,13.916627761756324
1.0,0.3557316227857421,0.36273003126949455,7.640408970762673
0.10354137945107533,-0.38979752161910386,1.0,-2.402384079262041
0.2234886530222262,0.6138486534826237,1.0,4.384465319968523
0.2477711408876737,-0.27156233344094605,-0.8336284746051827,-0.7874129436902124
-0.37662469434412693,1.0,0.5637808847029517,6.95578370270841
0.23076313649910407,-0.12015213742854192,-0.47892637663886317,1.1944758216495903
-1.0,0.1608793400235764,1.0,3.542122248950419
-0.2930912250951283,-0.1669902887042305,0.8385470931149643,0.3631353320198003
0.7509036632669823,0.6126203140071798,-1.0,0.28591278029965195
-0.7050929459366537,-0.3502521568342356,-1.0,0.9578281806934855
-1.0,-0.23754287735566448,1.0,5.108124867125152
1.0,0.34001317091533445,0.24260205215690456,7.641347537187816
-1.0,-0.8256209743223046,1.0,17.366248746141977
-0.6674134162096808,-0.8677668543196972,0.29844915134369043,3.9616378892107065
-0.3835319349896351,1.0,0.7182309394487054,8.760348608001914
0.10648200640255423,-0.8092908076563186,1.0,-3.275412312587722
-1.0,-0.7609813945170489,-0.03837442998374785,1.9362428238132203
-0.3873957400678745,-0.2889155424259424,0.5543725330015103,-0.10935554922602
-0.06888075701133389,-1.0,0.42356216061301755,1.1031276427722494
1.0,-0.16022183896421316,0.06978111024497813,5.0763204511951
-0.4024204917908314,-0.7542290784342807,-0.5559820522209371,0.9427215065747191
-0.5117924531542348,1.0,-0.6462236860371042,4.487840709679599
0.038976118292849415,0.1776781632024429,-0.6125992221652401,0.4783060344267361
-0.7983945291392556,1.0,-0.2758793890084159,5.167585862182871
-1.0,0.4254541605427533,-0.4766061011493634,-0.09520044415258269
-1.0,0.4680806908867279,0.38046862274494986,-5.396905716426278
0.44013999578269614,0.9047347401686059,0.2543467540108353,4.214238519639453
0.09957489381766726,-0.3063779414968768,0.04515951170184351,0.42194945282034413
-0.7401639891070051,0.6256454868607393,-0.06391427049688048,-3.316636520612227
-0.010279379550498069,-1.0,-0.5845011277413443,-1.2001597124076124
-0.10292224136880224,1.0,0.9350016706569306,12.813244032638998
-0.11777874359930585,-0.487561927550461,0.2764011675291105,0.6759539599391373
-1.0,-0.9139893319087877,-0.4950133597901718,3.402342300419396
-0.6181714973568619,-0.5914726536508419,0.5896323106711063,1.8194578157179122
0.45737804071634547,0.21319177150967783,0.39826964380044894,1.270798182866098
-0.5298808611776484,0.7160986795541446,-0.2723613963884197,-1.3233308409163653
0.8029930466602353,-0.6474443818364177,0.7943206457968746,0.008226670750379972
-0.49969041379412893,1.0,-0.38998668845690454,6.618573257967851
0.2269889046744018,0.7096940114602435,0.4287181087796603,1.0206897397310808
-1.0,1.0,1.0,18.242391722870664
-0.6242336359797327,-0.19285593734783313,0.5449078805508618,-0.5597968030867925
-0.9135161577269659,0.6019082567886949,0.01671495314305438,-3.198331096788225
0.18411778625087627,-0.3735388293212185,-1.0,-4.015537296137931
-0.5493664624901353,0.8446293156864213,1.0,10.607355260952861
-0.6663007179764249,-0.5193792638034902,-0.4027530081613413,1.2776234630799215
-0.28800191922732066,0.9454962948209593,1.0,12.569088150120487
-1.0,-0.46060681682707627,1.0,7.704629510343061
0.14883240817870336,1.0,-1.0,4.903070466628978
-0.3458734637132794,-0.11001789350857338,1.0,0.5450271703285788
-0.12191902272077515,-0.3217863495637574,0.05883731729082475,0.685623718565025
0.5216949240686752,1.0,-0.5653946150522362,11.216426739499234
0.7610307144713564,-1.0,-0.027680461532677114,-2.8406433697554836
-0.842723664053626,-1.0,-0.6573494539629028,3.1357669407055333
-0.5566434040997497,1.0,-0.8751134554070428,2.264678560321407
-1.0,-0.011072047998018197,-0.47043695629212223,-2.397631670679821
0.13182712957442266,-0.8352318348866143,-0.6977802365793957,-1.432077767249296
0.6916589246036249,-0.14003593951044935,-0.18956152630605372,0.7525076125076552
0.6125445418236213,0.7088274489500996,-1.0,-1.5742206303456256
-1.0,1.0,-1.0,20.986494781410215
-0.8246331885682323,0.40371326682149267,-0.5425613998988967,-1.2650321041207966
0.655833798758904,0.42001250770569976,-0.2560613844272468,1.9777060180922192
-0.2576191736969815,-0.909867576989952,-0.2374668651225722,1.806695553785426
-0.6163668981167758,-0.3666393229759468,0.6698183634429453,0.13235306056564872
0.6101708594269191,0.37851818836383955,-0.570113879857179,1.459568093496672
0.7409512766570574,0.20064654283991734,0.2797210782879489,3.3580755099020543
1.0,-0.22840489767004524,0.9379656227494124,8.053232973450315
-0.05759912589586058,-0.8218936684633769,-1.0,-10.471580442403141
-0.014014683656960347,-0.7868797189015315,0.9241313283621406,-2.345554917729614
-1.0,0.16929738631952262,0.7042870093591891,-3.677954439427881
0.20901724307067537,0.026310541367277285,-0.8806901358887764,-1.4840558686548428
0.2804777327796657,0.9248563334461606,0.44190168482669234,6.049423763051061
-0.007438844736527228,-1.0,0.45746488331735136,0.5497447288791328
-0.6999783959498656,-0.7069973284572149,0.6107079986811641,2.9864023501309713
0.5315468412934483,1.0,1.0,8.914770421084295
1.0,1.0,-0.23914778015856308,16.97523796994907
-0.48566645576935774,-0.6410464121088004,-1.0,-3.9558219847890195
-0.7433925330296358,-0.19833589655335815,0.7210218175548364,0.21080120951532835
-0.6897791863230722,0.4499835212737655,-0.8222215635934367,-0.9252189803379575
1.0,0.10913490672339932,0.5453800489382057,6.7879383238766025
0.09380416123095481,-0.645725341683562,0.8252091685019045,-1.0943225261358962
0.2041531060200794,-0.2064156756386244,-1.0,-3.8132049723746304
0.6144266697752485,-0.1241950715323008,-0.5968545853566172,1.5690343326669562
0.7332317486848219,1.0,0.531892162976576,7.999262380931056
0.6006617057504469,0.1361362486054214,-0.7388031221902325,1.672058004053773
-0.27687162348564653,0.204552499758343,1.0,1.5583609606830904
-0.6353115361001793,0.25199671595293993,0.4865097492144448,-2.144536631416978
0.19543980170976516,1.0,-0.18268032090444164,9.152545631582027
1.0,-0.8656076035356985,-0.48306730536102616,-0.33533974711951553
-1.0,-0.06478167488289022,-0.7890463796485809,1.6376934607162927
1.0,0.17389799449112964,0.6009655897941428,7.926262657429502
-0.1959210598171779,-1.0,0.8400938136334706,-1.5688231996846513
-0.4155317445678537,-1.0,-0.4756546738203089,1.4195848459581637
1.0,1.0,0.08679910032545024,14.626607518650284
-0.6931606937727737,0.3765255886086456,0.1653647156619309,-2.097692230647415
0.5550741379679958,0.36306398698956843,0.3986801387058978,1.6328902870923703
1.0,-0.3313087124136693,-0.6924263697047768,6.036994078432954
-0.04880356365439531,1.0,1.0,12.76072764053935
-1.0,0.19164666960391674,-0.12210800499620689,-4.244880330010294
0.5263898347270097,0.44953396644615506,-1.0,-2.3540886766805773
-0.34969355119952517,0.5757185042329105,0.3914303776242296,-0.43092570053201185
0.4586040241320948,1.0,-0.2664749307730996,9.362349740632673
-0.18903252287495143,0.9611834467487888,-0.9726715614484145,0.6516730935396804
0.08285095282267108,-1.0,1.0,-6.938386202970193
0.5548080798068491,1.0,-0.36322985005330977,9.40981615411366
0.1913178775151565,-0.0975803227630343,-0.18034816708302515,1.0400013438533235
-0.2279031902813431,-0.8165064165350036,-0.06661965543120796,1.9365444335279123
-1.0,0.7577393563572208,-0.7596283272241422,7.612348234220286
-0.8819153550578793,-0.39108120862746376,-1.0,4.536589560249556
-0.26227351525244114,-1.0,0.3961886125161347,2.0000636136127117
-0.5877877110805785,-0.4510641134193065,0.9952955326556461,2.486476245185455
-0.03154675296710496,-0.15766683758195366,-1.0,-4.147503744037123
0.19139811698472609,-1.0,-0.6868114046858642,-3.9838050399260676
0.1455614624722592,1.0,0.0418599323336486,8.15601822110582
-0.8960995778393832,0.4543034921037159,-1.0,9.241723478133547
-0.35036824290308033,0.8997517705224598,-1.0,-2.64967500958064
-0.8529817651395466,0.932162331439913,-0.9009965993678297,3.5796424648881358
1.0,0.027692295153770807,-0.6244399456854206,6.164566410665153
0.06619090730923971,-0.668747908629737,-1.0,-8.241904815373235
-0.4535506842765571,0.6602883682219969,-0.6825050776944637,-1.3507618360153493
0.027577415378142955,-0.18955706624263846,-0.8676624112043207,-0.7867577263867673
-1.0,0.12730666325096052,-1.0,12.621169964015873
0.12187614900811727,-1.0,0.43677528446400204,0.5925009241690145
-0.1259605721581658,-0.5012243019306128,-1.0,-4.698338773687742
1.0,-0.3579791668228538,0.8988816549768597,6.579514645483172
0.6285115424456418,-0.7078645447877616,0.7379248769777207,-0.49111515134966777
0.01892260913868138,-0.1827944811594573,-1.0,-3.5205595855292993
-0.7263035111131071,0.11883819569608889,0.792821896109525,-0.619208591636488
1.0,0.07920623706546337,-0.35977231393663667,5.033885738123505
-0.36936970944089365,-0.009080667719148838,-0.11111974173208217,-0.38009887429282113
1.0,0.01832118296312668,0.5662213911830527,7.516007611592914
1.0,0.6327680473413033,-1.0,13.90446644172452
0.6285054876535072,0.6991125536120015,-0.09441625854974012,2.5885703902380586
0.9378609947700449,0.20177849075148502,-0.2022111737674659,3.8444262457449327
0.2332700963019969,-0.8836935718949712,0.39291993769721834,1.457352198329942
0.14298814841761698,0.4689613863615236,-0.684242550170959,0.33718551868399266
0.0640772520138877,0.254946847634264,0.4008350385941404,-0.23387383681039214
1.0,-0.9347296139655648,-1.0,-19.376304242496794
0.05640000041788218,-0.4556637955351468,0.3406437969230949,0.9925918787298201
-0.08947422713205833,-1.0,-0.39941425013163423,1.49904963670809
0.7109532939656242,-0.06219608538427601,1.0,1.7487875135185034
-0.3853394988233041,-0.24192911759872437,-0.6051073701363365,1.4654176395450107
-0.7321396151638191,-0.19218613867889855,1.0,2.5232723864363447
-0.3689838093886233,0.6340222706855678,-0.3594816150991129,0.05090554372409628
1.0,-0.7891779264419474,0.8024083343447215,1.6420374142348497
1.0,-0.29037866999133977,-0.9896113681399741,4.690341104204664
-0.11121541915568733,1.0,-0.7008740049794668,8.646346248780175
-1.0,0.06756420959124543,-1.0,10.756969023450516
-0.18503569343306614,0.7919710530743185,-0.9880620243561302,-3.1263981864262442
-0.47774086733172516,-0.33457464510391244,1.0,0.9147398729274336
-0.9128130870566844,-0.41532635607716517,0.3977300320484456,-0.6793036635495806
0.411424596286446,-1.0,-1.0,-20.917309693674856
0.9488372271182499,0.8302036166566646,1.0,22.31221450203935
-0.06312808060407082,-0.863166817517151,-0.978454882119085,-10.101202476856422
1.0,-1.0,0.14974954582738476,-8.155803558075656
0.6226436199620344,0.023219013703008606,-0.2965989638176014,1.7119425516825983
-1.0,0.4466871767238152,0.2697302600249025,-3.6365689997608337
0.05319994154250862,0.0016903525631859484,-0.7786733541789543,0.8383337431974651
-0.8985052700444753,0.9191166918405833,-0.07159980930157395,2.5752412290193765
0.754406932811692,-0.16111804766647597,-1.0,-2.257229152023526
-0.5642869685661653,0.40736537557291963,-0.7687238619560299,-0.9733681490393004
0.21675627909927542,0.17278171882011284,0.14560966287543242,0.7477225830406272
-1.0,-0.05999129681628457,0.43148911960039493,-3.7335570830731624
1.0,-0.8357678245476408,1.0,-1.8173356238575276
-0.32116282647923833,0.3537441676103801,1.0,3.11078072972135
1.0,-0.2623159612657777,0.025490393127309385,4.255177466504825
-0.3676504236167908,-0.520028666766249,-0.2229585052675238,1.238277318528424
0.7646098134197927,0.22050118912264383,-0.33332293133397495,1.983381159321615
-0.4588908527611719,-1.0,0.46900375506655134,1.7777233879684393
0.9853216711324555,0.14656256825661784,1.0,14.401396823645848
-0.5990102355078171,-0.23934828087943472,0.06481908100485945,0.22532923742685704
-0.0930469048845648,-0.9259585983858434,-0.43158464447003775,0.7278275903287236
1.0,-1.0,0.6336572570196546,-6.647366014436305
1.0,-0.028320821693918807,1.0,11.36137542959862
-1.0,0.8134230953099786,-0.03491885340517609,0.8576703752527842
-1.0,0.24817699770781254,-1.0,14.88282107125332
-0.5725148767687842,-0.35775591004039486,-0.18630649850684433,0.03697430024349502
1.0,0.4039537857814366,-1.0,11.47219572350447
1.0,0.10706194363806665,0.6643769711140224,9.499003603235673
-0.8373433671185919,0.9121670352971964,0.40825962340430033,-0.11709674412508364
-0.1907474547961352,0.5787706406295048,0.30959060195050325,-0.6971806116379776
-0.20579240052684056,-0.25597188982154595,-0.4523493630144484,0.3474859182114636
-0.5557397951169507,-0.6288930968014577,0.6233355122053901,1.7733141300010775
-0.6667310749788544,1.0,-1.0,1.252513123655238
1.0,0.6787929818660541,1.0,24.834951004575235
-1.0,-0.3909019102063773,0.09048026110125851,-2.178547850068204
-1.0,0.10922194421816389,-0.5488549676847738,-1.2432334223776182
-0.13703974415325737,0.808826203928392,0.028257518218834488,2.036044741361028
-0.4857066078934229,0.6918412040887592,-0.4312066766558398,-1.3843834975565725
1.0,0.9094336178891913,0.07281895746960676,11.700458698866157
1.0,-0.2804895591625982,-0.5473905557522054,5.321048764352341
-0.1741296096311573,-0.855836382428316,-1.0,-10.424458617467769
-0.9919497196118248,-0.7855893322892482,-1.0,4.655384693596312
0.5286835667407503,1.0,0.09193937603740343,8.004154587710284
-0.5555385056199758,-1.0,-1.0,-10.795441102821897
-1.0,0.7308469750710009,1.0,9.255044988559671
-0.2550063138242844,0.5613382369929782,0.0932070652658179,-0.5747513378809409
-1.0,1.0,1.0,17.50421170758058
1.0,0.049117136829789354,-0.7097510021287226,6.906634903839564
-1.0,-0.03845326997912535,-0.8787723135174832,4.609786628294863
-0.28348856046594695,-0.9771012279984836,-0.4501650167003137,0.7101729110946046
-0.48381665006803676,-0.6425598216297561,-0.1680955716548147,2.4829464490736024
1.0,1.0,1.0,25.95536893375017
-0.6827245983890111,0.9850543688598192,-0.4382826349618383,4.677231405983819
-0.4740167553792476,-0.884344576074704,1.0,-0.6119279074357041
0.023335549711851478,1.0,0.40495350250842077,8.107879346949517
0.33364753359407695,-0.2063515228817574,-0.2715713618847786,1.0532307688290268
-0.13783965601846893,-0.516920903560218,0.32773135410982945,-0.03960978135001647
-0.01534005095071267,1.0,-0.737607020034458,9.325627555851558
-1.0,0.5599727999562296,-1.0,18.042315334447004
0.7640290646757617,-0.9934132148167325,1.0,-6.638419551323701
-0.8711730256861219,-1.0,-1.0,-1.136108843300055
-0.35382665177325423,-0.07842910793439084,-1.0,-1.6086813264167312
0.12414698202728158,-0.24046917865511763,-1.0,-3.7470013070501293
-0.4070432174817409,0.7482892105214698,0.028597393765575685,-0.5607842373621701
-0.22891731135832205,-1.0,1.0,-5.701363055981554
0.7100719160853617,-1.0,0.11764225501694803,-1.7769525967767985
0.3992594610249276,-0.6573263127537041,-0.0803152999646144,1.3000251311506739
-0.5276159185061791,-1.0,-0.9402954813747348,-8.90752410936008
0.6146678301471331,-0.5991899021731586,-1.0,-7.254866765660624
-0.7747092041537822,-0.61817844891802,1.0,4.833605105318626
0.6085254947558716,0.550703163697998,0.8216859891262502,3.257045914524924
0.6808471104520024,0.4045846727352438,-0.5033329094916266,1.4354187576311552
1.0,1.0,0.7531988355867609,16.652937620494267
0.1267404143491202,-0.7200855272031081,0.8823598007545395,-2.292056827737825
1.0,-1.0,-1.0,-29.53429685702619
-0.8166858306339,0.8543899926734466,-0.13900105764259996,0.8263034104081872
-1.0,0.20898600732868067,0.788195695393916,-2.358209488940321
0.8276524899081443,0.0248012124844621,-1.0,0.951055347183814
-0.063351653663408,-0.10171584938540912,0.2832018872844342,0.6746564535934938
-0.9326332261291115,0.6464836368554936,1.0,7.421790214611856
0.9441838492104053,-0.8461912819263404,-0.3263370271260224,-0.068177973705214
-0.25126053389107006,-1.0,0.524413549421149,1.9157787109484752
0.39552754023927483,-0.5639801735525198,1.0,-3.345638017880382
0.5143863786200447,-0.7543761638879871,-0.04224315111607302,1.445178220142853
-0.05268674215836411,1.0,0.3966326481300264,7.832518497507009
-0.5930171098884263,-0.2182263490797114,0.05611187333928136,-0.5996605076265449
1.0,-0.4803533505721327,-0.32160208737220364,3.4220977607267398
-0.21797601689179946,0.8640622115840566,-0.34727659561172053,2.8234565143364008
0.08510298734823474,-1.0,-0.7987178320067039,-7.255323281952957
1.0,-0.2479634685936214,-0.9782199707302599,6.376580996635079
0.31383639240426686,0.50725158133563,-0.13672646984023373,1.9794396801762226
0.11110797554175522,0.4583123476344457,-0.9412259622065009,-1.5756685042630973
0.04630339220949109,0.15804140072439332,-0.32180692083249784,0.8715781317303682
-0.006828382450624115,-0.12710714070936202,-1.0,-3.945974819863029
-0.9477768914065106,-0.9102790863378531,0.4494452473777606,8.209194473283967
1.0,0.157772718518836,-0.34582259880873756,4.700769687077067
-1.0,0.4964242465790887,0.7385435154683417,-3.7317646950568903
-0.622366718104014,0.00657015825350471,-0.14072695062844542,-0.6748794486739752
-0.04202896573877113,-0.4176096594320091,-0.8035846976491237,-0.6236653614016482
-1.0,1.0,0.4446469471818253,2.3586214764447715
0.06333489887538635,0.8682599524513992,-0.2453685945671864,3.1272611170426288
0.4837436877858585,-1.0,0.4979099679353649,-0.4126690368482874
-0.5841520536858635,-0.1936101125651999,1.0,1.2652173626620529
1.0,0.49654601574182355,-0.09694174460144867,5.956632348683817
0.33162487833767074,0.9417811282905342,-0.0008901738609083942,5.292867072611395
-0.15988508144221747,1.0,0.5856776769187313,7.997308075002335
-0.6720872387024515,-0.25325443617712784,-0.5055439237904182,0.32654973571448603
-0.5066955483912914,-0.16509902518015207,0.29476425734223377,-0.029208481938846564
-0.26178723302832085,-0.15108164104860644,-0.22132105140811076,0.21051364536015482
0.49352736193000335,0.6647105220578313,1.0,6.195831640228696
0.3077954851175517,-0.0048423441013407675,1.0,-0.7127468781018949
0.12822255533975868,1.0,-0.5851547761018729,10.630848993905476
0.26218105414529247,1.0,1.0,10.308521286127444
0.5593483518157205,-0.5181162698450317,-0.30910693684664925,0.7236260978147228
0.5010916391490894,-0.5972062258677084,0.2753759947155028,0.9054672688158237
-0.023322437810751273,-0.6057632858541351,-0.10059262286198867,1.8963831732018974
-0.7006977731678743,1.0,-1.0,1.3308051203235567
-0.09862145591076876,0.6487889196407886,-0.5975138683213159,-0.04320801241480779
0.02839845771726046,0.33049686220340013,-0.31280879402026396,0.10140196105564364
-0.8515360720377549,-1.0,-0.9320424157894631,-1.9221471322599064
0.04929712523554031,0.4043789534178468,-0.7436332126994505,0.7952503634084368
0.21091488795235658,0.18284622463955724,0.3102440178500112,0.5124981806777242
-0.43021217818229807,-0.019111089040668494,-1.0,-1.124550359110476
-1.0,-0.29851964700323363,-0.5385928797683326,-1.8393873487446606
0.6234665543908569,-1.0,0.08304516990427357,-1.0284306088696922
0.18642719237077832,1.0,0.31153918767732414,7.351599373700368
-0.5173312689203622,0.10445773326995211,-0.4816297683981188,-0.6833423626443105
0.9282343185212492,-0.1987573653774588,-0.2382575487693066,2.703484264173468
1.0,1.0,-1.0,39.392427876660655
0.04109253396945656,-0.25449949256119453,0.6162907554870025,0.8386945647925996
0.7451671825926003,0.4631314380045217,0.6184478347652489,3.4848374968135536
1.0,-1.0,1.0,-9.51126875222829
0.6233651788427006,0.6435248915146548,1.0,7.313883994215187
-1.0,-0.4226986474661629,-0.8815543068369214,2.4321857869664107
0.15994637527115318,-0.5737214637589227,-0.4429741577529078,1.041608839498737
-0.7269092733821834,-0.8868843266520203,0.202372171285772,4.743360103615587
-0.9689902564998274,-0.7937883763339844,-0.9242260038046299,2.4756494781370946
-0.8362720159346317,-1.0,-0.8148349696119241,-0.685127772652347
-0.050848450359017416,0.015314131524028385,-1.0,-3.6805137921864772
0.3012528113433588,0.6059872038791774,-1.0,-3.3215691159289595
1.0,1.0,0.05549689657404966,14.133070769737408
-0.01179214605294221,1.0,-0.3817339224332641,8.80726382333577
-0.44106822818399016,0.056134648114578356,0.729892106631892,0.24882228506925047
0.16853787367967676,-0.6435172039866472,-1.0,-6.903946109921578
0.6896196570922846,-0.22471009593916702,0.1370534272974413,1.6869496537748352
0.15844518239819028,1.0,-1.0,4.576179989131946
0.07452982517954432,-0.9247607497276398,-1.0,-13.96636859537364
-0.9646139977547687,-1.0,0.801477564365717,15.297742504645802
1.0,-0.20361860829842837,0.09555386689836065,4.88731985894363
-1.0,0.3505496380866435,-0.3855945338797233,-1.9023811132128345
0.558602078953258,-0.6078100952104606,0.1845381895005942,1.4854889106774436
-0.09421053300785887,-0.18834676101686587,0.74067448513274,0.21581276595801935
1.0,-1.0,-0.01037991087532264,-8.15213322321669
-0.7593166316739903,0.6790559096483557,-1.0,1.1605129355404407
-0.8085907258044185,-1.0,-1.0,-4.079452167855852
1.0,-0.21425517874019562,1.0,7.205386553253039
-0.3442409593250333,0.6834597227449575,0.7774148485427321,2.3690968483006896
-1.0,0.47475010241183524,-0.5562035332473123,1.8399680374790126
1.0,-0.16007444583793817,0.2942558924651786,4.992257776257856
1.0,1.0,-1.0,38.85645973248914
-1.0,1.0,-1.0,20.964206007527057
0.564108193078996,-0.5340251051498222,1.0,-3.7034069019357334
-0.9713001634440503,-0.7693622105493578,-0.355326409582984,2.3595261565431405
-0.2528361386959357,1.0,-0.8463459261723256,5.850568225273804
0.8599441182567025,0.024028236568470085,-0.7539245868328002,3.377883281509388
0.26983856273762186,-0.5706687820488949,0.6562956692795947,0.8123178076455622
0.9716306064918505,-0.019377877553834466,-0.21108312555158193,4.657645386733838
1.0,-0.41741211407948353,-1.0,4.205246287074884
0.784978718997968,-0.06403489415501995,0.04371830156608403,1.8156439176593477
-0.20764011650271708,1.0,-0.2891343805293225,8.299557362892692
-0.567418620327703,0.37771141022998256,0.3909873781654547,-1.3006910570374894
0.8664489436927032,1.0,-0.10132994133750195,10.555045431047345
-1.0,0.5867100178012712,-0.24424390887852798,-0.9449385372038599
-0.4080875741916856,0.33559491053629875,1.0,2.8096232670589276
0.48372939099631407,1.0,-0.9474944822265043,9.199896353229276
1.0,-1.0,0.5648238789176447,-6.202148622575664
-0.4448288328697392,0.10033289289077674,-0.29789932069331826,-1.209666187538052
0.1264977121025168,0.10582187970358237,0.9882771765395655,1.4244340783410454
1.0,0.14084824562971865,1.0,14.504609461990658
-0.06751540177272441,-0.01021637932996411,0.42398260553827294,1.2061266520221234
-1.0,-0.5162596647756572,0.04241029760654369,-1.5303198413237948
-1.0,-0.8237663989953714,-1.0,4.34614736893091
0.9781642618992741,-1.0,-0.7878868780320614,-16.205023699770326
0.7272942685098318,0.5766076131026081,-1.0,-0.40250506866095376
-0.3473433212547634,-0.7899466197825582,-0.5013314208104727,1.2671893552230458
0.2554032984278609,1.0,-0.6668359998240543,10.876871584524897
-1.0,0.3623444628738408,-0.6897768584750523,2.577258188474714
-0.37529000698364046,-0.19290329899167724,1.0,0.9604664564762581
-0.5784049485555158,-0.563605209877863,0.36704512080373464,0.6657764976497473
-0.6747922672713182,-1.0,-0.9991994430119386,-7.741303066698483
-0.09077857067621609,-0.3604157979062961,0.8065004843197536,0.4246449798317394
0.8403525607047613,-0.585582667215256,0.9356036315979452,-0.0838779623208287
-0.5868490737839753,0.6671073592188501,0.39788089252486425,-1.1367193021226076
0.22600881221109037,-0.07046885741308939,1.0,-0.48247619181075957
-0.170423422213549,-0.716201783234206,-1.0,-7.611256445379666
-0.12057885511310684,-0.7134309033714861,-0.2798850770450525,1.9095496162209011
1.0,-0.2933251493112754,1.0,7.175033253999007
0.38819742674600266,0.5861355850573908,0.14979520764757903,0.5701337318652338
0.994192791743953,0.10734388945302742,-0.03657637889757104,4.84771023379383
-0.010560626314624955,-1.0,0.008715215568785295,2.0902839816205496
1.0,-0.35707549423708485,0.5346084845190389,5.42170032570539
-0.580195438170674,-0.2938960609883603,1.0,1.6590307850964594
0.6556715828714554,0.7880655557550189,-0.2758168853633267,2.6159864351216604
-1.0,0.5461996332093797,-1.0,17.780679124295236
-0.2151808157530195,-0.7773696988093421,0.10900154911234106,2.036905467043866
-0.6614172843089408,0.36047738372409155,-0.17716257703230265,-1.8841877899262753
0.4646142635121955,-1.0,0.544478876018911,-0.3745653903632403
-0.24502318699218173,-0.4814837703449901,-0.09984216031606086,0.4746552784771334
-1.0,0.21481806234400969,0.5100575893746759,-4.2009271750877515
0.45798926285580865,0.5254615718479383,0.15582308899053632,2.0969883244770693
-0.37069950533214224,1.0,0.02234795838823378,7.640211057704177
-0.5162819777126031,0.4102041397661942,0.35592176678481957,-2.0024307435701374
-0.39223719401058266,0.3585837221993422,0.2130594388248781,-0.9304596101062949
0.3987196179586838,-0.8006308095344206,-0.9967694767648114,-11.694076310273466
0.8585280132436115,-1.0,-1.0,-28.077034015648987
0.7080391597855871,-0.4064272727542526,-0.3892329086533748,0.4533769980739517
-0.7136985222240009,1.0,-0.01576671753826031,4.170287224026835
0.8246881037878488,0.8358856020430692,-0.11242223889492342,4.3317585437292925
0.6634422837276686,0.4254519274767383,1.0,5.992872142143163
-0.6324861300367324,0.9355133808291807,0.8611838469645621,6.532008790308331
0.6759727867085492,0.38665577211610036,0.21550948783885526,1.7581370265262437
0.3218347482370161,-0.4786040768052706,-0.4755332827366108,0.8738883134790905
-0.15681252121092926,-0.11984224137512167,-0.4217489445551732,0.19381611379141794
-0.7427363567975318,-0.6996201266997479,-1.0,-0.5459838870805929
0.9226746287039131,-0.005053898140423785,0.008018481665864385,2.960018852823377
0.23574484645427485,0.5410036286405808,0.8028338074623156,1.3313316694767858
1.0,0.06714934441372233,-0.5622167688607891,4.865210490536351
0.10361659242092647,0.7890398315541789,-0.48141620932432594,1.8853319096112586
-0.051821517992403976,-0.29524267239854596,0.6604427021586698,0.2360204516729275
1.0,1.0,-0.4875691108297262,19.536472061901133
-0.6112699464813254,0.02435597922195054,0.581783627779052,-0.931972778105732
-0.8655237256671815,0.30239644452034176,0.5891219292031802,-3.646509846505825
-0.05969365888383549,0.18585731049182552,1.0,1.4932356615166564
0.12535436926719967,0.36487552930867007,-1.0,-2.6450039624165695
0.5973562752037533,-0.6684693549326057,-0.23497837069977456,1.5170987573797243
-1.0,0.3258315631715909,1.0,3.1504601940516075
0.40085679670006447,0.6671505662630977,1.0,5.78100206783819
-0.19104246284938364,-1.0,0.027728396423404078,2.117369545755821
0.28193875954730796,1.0,1.0,9.936448906584568
-0.09544086504433191,1.0,1.0,13.528706671857398
0.8147678615706837,-1.0,0.2977607538323772,-3.1234981058024602
0.7764130784135777,-0.4260574769630563,1.0,0.0371281114186085
0.944871454409532,-0.03458637688781474,-0.2788666467051706,3.322575795964529
-1.0,1.0,0.8786970828429745,7.221446764191886
-0.559463747773604,-1.0,0.15225366196016932,3.6828059664263257
-0.9594576364539067,-1.0,-0.42641348100113396,4.881503812810502
0.5696349348220353,-1.0,-1.0,-22.86891804925523
-1.0,0.16489011642953333,-0.9355306293534968,9.62507166177291
0.05293760284885307,-0.9122325649284324,0.007422363997106052,2.073351978893774
-1.0,-0.21139321059409366,-0.04737077289598024,-3.5849974063561945
-0.04441793440160402,1.0,-0.7894115236986508,8.61725039415023
0.3180211671939872,1.0,-1.0,5.382360420560024
0.06077619180217231,-1.0,-0.2521025761953324,2.0795443793780084
0.9207004062515851,-0.4203545818814407,0.40959737164945365,3.7934807977321983
-0.4178991657995361,0.24432216864176515,0.6165606637662575,-0.8507904402555547
-0.36339301265003376,0.0058809314186041295,-1.0,-2.1968648244844933
0.4408528270640444,0.04184008743479706,0.5088338401033845,1.6888855240295793
-0.30605514903618936,1.0,0.9588018489448622,13.61613594859603
0.48651803099831836,-0.440144900480256,-1.0,-5.955090987574136
-1.0,0.2563588585283232,0.896643546305667,-0.46170572428099266
-0.6230425933287373,0.5041154012540461,-0.31263329126964945,-2.156699838840205
0.8110087462826507,-0.684807606691809,-0.6605543021606677,0.7831124817549548
0.1301710847969555,-0.22139835554203535,-1.0,-3.4477427666818565
1.0,0.05551675880734952,1.0,13.148192798330308
0.7949016153593662,0.15547352099759415,0.6126093430812025,3.929876924804743
0.45403242967035173,-0.7806670883905138,-0.897943078197246,-5.056332693963313
-1.0,0.6278949327031311,-1.0,18.758302742843824
-0.7886621280041373,0.004841264310018412,-0.45553287170065215,-0.2541645703033395
-1.0,0.3854477621466159,-1.0,15.724822137482706
0.045937430870197415,-0.6442898289480186,0.8635587052419318,-0.9400739108318245
0.03150377914918523,0.5657355061014997,-0.5821423975997846,-0.18630019478316923
0.12054541283912834,-0.03168753707867955,0.11900549337956412,0.8696453818619145
-0.1685896984058335,0.6973639995795906,-0.35585129977449337,0.19015464205519744
-0.32746463011469795,-0.58156018645889,-0.4653664873222094,1.103218894374498
0.26961279446090636,-0.17468660884186304,-0.18893538724205183,1.919588500033476
1.0,-0.2604462286797953,-0.8069493661247031,6.7963470495919385
-0.3810886398181077,-0.011103043577549654,-0.12920870180196942,0.054863272762380025
-1.0,1.0,0.8095561700560443,3.706487332942998
0.9529685823538265,-0.5433269014544782,-0.790130292510689,4.088727619757656
-0.05137672722165387,0.8676380177604155,0.6853794839970428,4.916678713153044
1.0,-0.8690268395053373,-0.6505531448090969,-1.5130089578495665
-0.10341262636690063,1.0,0.11945478831047618,7.387784284107337
-1.0,0.34176898901188,-0.6759075622946931,2.518378605820583
1.0,0.34091336396642413,1.0,19.840928508263232
1.0,-0.6334622417933751,-1.0,-1.1257830969008262
-1.0,0.4151463125441246,0.828023124159821,-2.479927777070487
0.3359483120054032,0.010998118425442627,0.14192089415680353,1.1439601136921873
1.0,-0.0079857518720583,0.011852308908221199,5.030439043104344
-0.6397055952856685,-0.24188772663024216,0.16339337335033366,-0.46729269769332626
0.010198290422696932,-0.49417907996344,-0.6394552922041195,0.5101924191380919
0.10157389690908514,-0.5354831017988249,-0.422304543779225,1.5186570052045116
-0.9748941821180801,-0.6383875959069709,1.0,10.847401256260373
-0.6937773505265488,0.08018817024253133,0.12028055684217343,-0.5862066275260999
-0.6056483027149859,-0.31244010329657357,-0.5916528184594667,1.2086002262484923
-1.0,-0.11420791297193444,-0.1624357936298475,-4.039827422289268
0.35664014282640233,-0.315548334052993,0.0065664815422645795,1.6992661107136728
1.0,0.10135661505575477,-0.5562840818107806,5.467370963106256
-0.34066495857675605,-0.9400199333059092,0.12950132437753625,2.7048300574467365
1.0,0.4191021066291216,-0.8310225440829577,8.306008492500247
0.5188293839868057,0.623489793725196,-0.9762859303171916,-1.4112465433800498
-1.0,1.0,-0.90324599048627,17.107526228300866
-0.99998212017978,0.7566569067938296,0.49039869936814995,-3.324866250298035
0.38925412379014257,0.11447226118078846,1.0,-0.22740360657685876
1.0,-0.6177448861625863,-1.0,-1.0794864144801988
-0.08182752918206981,0.1874409219221551,-0.06549962070070037,0.23720368475757306
0.8772388459393758,1.0,0.16209028765507694,10.076001394285306
-0.4359243099528838,0.05979299233766033,-0.012243603329329611,-1.0977390072150732
-0.1661084509688624,-0.23237102599874238,0.29388181474716,0.0827071040849322
1.0,1.0,0.41510502421017503,13.483631173977546
0.0070799407270891734,-1.0,-1.0,-17.007822920004433
0.7029888944737637,0.9356851115448022,-0.4769110333610287,7.152446864745646
-0.06425230540652715,-0.45087419836698506,1.0,-1.3758231515509989
-0.2805867963769526,0.5266023449765198,1.0,3.9573379505311115
1.0,0.729353738227766,0.07002953128920697,7.189139949955505
-0.2879514494048019,0.1565993974425215,-1.0,-2.811521670703827
-0.4219072197742839,0.10004081964039768,-0.23130342052202968,0.9104856560248973
1.0,-0.7656448783376959,0.715086132160963,2.328657794993424
0.7142237178701851,0.3868004423505904,-0.12906410731061868,1.8901954968224939
-0.7473215103624269,0.2893371107903795,0.2202627890632627,-2.979704579029987
1.0,-0.2706044808412382,-0.6541587315869417,5.374906462554477
0.3087517683180385,-0.24933559695532015,0.035099336873319675,1.7199367967066488
-0.44504181952572885,-1.0,-0.2584505170677045,2.950546461499851
0.14636410204115258,-1.0,0.24953980616576477,1.5511021241410767
0.5864368414111927,0.7348678403697759,-0.7420660586694634,1.7698037068363226
1.0,0.12260992785802327,-0.14561858854753895,4.747851729609231
1.0,-1.0,0.9508859257309912,-8.311693831258662
1.0,-0.7725862197265574,-0.14482605857700537,1.3923518946057782
-0.9355392032540268,-0.9980072849459056,1.0,16.60628302469784
-0.0700996957054667,0.3019284482207447,-0.7095810265141758,-0.442813009041912
1.0,-0.15728151031500603,0.23930649867702192,4.736337757844771
0.93028858773745,0.7410844189404726,0.25998044933412645,7.119474502521825
0.31289000120456123,0.12255702236569843,-1.0,-3.203598574163674
-0.05520787671629024,-0.2191313027485995,-0.44631979118770415,1.9442726034911906
-0.6681513179609198,1.0,0.10676520358828623,4.293908230533312
-0.47357058382297357,0.5035429218780856,0.6598913121531527,0.3506072032664234
0.2987593524457024,1.0,0.8420591404710509,8.79543730215979
-0.26539821574377176,0.7044182138220172,1.0,6.501985878344619
0.4068900867555305,-0.1971751950096987,0.15180522913321903,0.861261726217997
0.41187989959161,-0.28908186231206945,-0.21425752473463988,1.0951187227609658
0.16090748942739452,-0.5392663171747676,-0.013797426192282636,2.421500613479023
1.0,-0.8526339228512989,-0.07106592518046129,-1.0671222768861153
-0.5059718057757743,0.5949286485653653,-0.17754162762332215,-0.995653566299747
-0.9237251261373369,-0.6387696705707406,-1.0,4.41901134993282
-1.0,0.8703471199600723,1.0,12.702242216599942
-1.0,0.3107501593041584,0.05427829488455793,-4.642949866943643
0.7815018808802272,0.24860843131603816,-0.7862911845778171,2.071177054847988
0.1593227167032425,-0.2940124445142813,-0.18501485051893463,0.9864776426848659
1.0,0.08360804105576247,-0.8112707523489913,7.761090211786589
-0.6588824347834559,1.0,0.892106181008868,10.283782180465904
-0.9852281155943745,0.8307233238633396,-0.48101059602228946,4.441428460875978
-0.1832107801443701,0.0884203929283447,0.23638754500083237,-0.7871878150657318
-0.9264182462785109,1.0,-0.7681001455918919,8.082924785841366
1.0,0.3784614698203612,-0.3739809859674754,4.914309353598655
0.0240635997055747,0.2604478171759137,-1.0,-3.156861892615744
0.3792501022927459,0.6066868218309163,-0.0037033134450998872,0.7249340185852052
-0.2614412028101962,-0.05291448990444869,-0.49473682675838604,-0.10998316621553816
0.339866785920081,-1.0,-1.0,-19.55333371214228
-0.7667062701182199,0.09404788807205433,-0.33538638432177637,-0.6505800499792667
-1.0,0.2438428120708087,-0.26883877510339915,-3.1114683644245633
0.48468724274000063,-1.0,0.1397998824940343,-0.05727371810573184
0.9728926184046871,-0.6715948075489548,-0.3627587808001942,1.6231492073497344
1.0,-0.07562156831825084,0.6317861265741767,6.524516885182393
-1.0,-0.5841873306227261,-1.0,5.261749069723139
-0.9701759439963227,-0.8498169112782772,-1.0,3.422698985732816
0.7313094085662784,1.0,0.912016865630279,11.093479508197444
0.24152672445400447,-0.2051568661501939,0.10136781762348845,1.8508304201125032
0.7235943191392162,-0.8285697841640864,-0.142893095001698,0.4182172523632113
-0.5956975357019982,-1.0,0.018306060750836517,4.359730535842273
0.8907071396684838,-1.0,-0.09021428131827935,-6.41048816697388
-1.0,-0.4569565969227187,-1.0,5.37673756580752
0.8474365147126535,1.0,1.0,17.621122687986897
-0.5997590626024707,0.23479231842850012,-0.29821332148240276,-0.8140877435854821
-0.25669362525627015,1.0,-0.9515387852889783,3.6779688709969687
-0.30884728653220406,1.0,-0.870136603045526,4.452580569732559
-1.0,-0.02457680857549538,0.7114726294738867,-2.5855039109305715
-0.2866723667874824,0.491188793068253,0.4104033800384175,-0.7380713596374728
-0.38538265278425543,0.9267873937133988,-0.5984460976064723,3.012199677542713
1.0,0.7227005749763737,-1.0,16.706695369977542
-0.2653306247198053,1.0,-0.18587305364988493,7.91342643373043
-1.0,-1.0,0.6518492739416233,14.323212499316144
1.0,0.21661463269734949,0.40844186407199046,7.365466184581146
-0.9798548523674417,-0.8488029939851118,0.019252598612589322,4.561651980941896
-0.13307237321277987,-1.0,-0.10008319174851454,2.7612713184639435
0.44782187886296443,0.015986412281600915,1.0,-0.75077056249212
-1.0,0.808119089024034,0.4824070202295816,-3.1302878737163184
-1.0,0.13530527325135489,0.6013554708828157,-3.4295214073822526
0.6285401658913645,-1.0,0.1913005661737952,-0.9473792584793963
