Regularization,Degree,Alpha,MSE,RMSE,R2
L1,5,0.01,0.3514552024434131,0.5928365731324385,0.967822793803337
L1,6,0.01,0.3536109554717766,0.5946519616311516,0.9676464328729176
L1,7,0.01,0.3703676508485249,0.6085783851308925,0.96604296641326
L1,8,0.01,0.37406045497480916,0.6116048192867753,0.9657343834409383
L1,9,0.01,0.3801498855455349,0.6165629615420756,0.9652096262906497
L1,10,0.01,0.3856305605468468,0.620991594586309,0.9647089568593661
L1,5,0.001,0.45430702032563064,0.6740230117181687,0.958115647013539
L2,5,10.0,0.47839205472675755,0.6916589150200824,0.9559221061484008
L1,4,0.01,0.5996949398174526,0.7743997287044028,0.9451775813660163
L2,5,100.0,0.6082415467568649,0.7798984207939293,0.9440931780892186
L1,6,0.001,0.6197793004007071,0.7872606305415679,0.942770178489479
L2,6,10.0,0.6253864461418653,0.7908137872735056,0.9421263832937552
L1,4,0.001,0.6296064998142148,0.7934774727830746,0.9423104180560589
L2,5,1.0,0.6407672677678331,0.8004793987154405,0.9406318802079536
L2,6,100.0,0.6530266213266838,0.8081006257432819,0.9399169546347771
L2,4,1.0,0.6539416416921953,0.808666582524711,0.9400370864213574
L2,4,10.0,0.6576830685307771,0.8109766140467782,0.9397678862928561
L1,4,0.0001,0.664757813741484,0.8153268140699679,0.939003319899762
L2,4,0.1,0.6686033008220779,0.817681662275777,0.938648469716345
L2,4,0.01,0.6709106505146083,0.8190913566352708,0.9384306655049397
L2,4,0.001,0.671153230417077,0.8192394219134459,0.9384077746539601
L2,4,0.0001,0.6711776115893462,0.8192543021488177,0.9384054740224581
L2,7,100.0,0.6742260282580853,0.8211126769561442,0.9379735052604342
L1,7,0.001,0.7169105379244958,0.8467056973497319,0.9339107895614038
L2,7,10.0,0.7486952507036931,0.8652717785203058,0.931003285693793
L2,8,100.0,0.7660360185344148,0.8752348362207796,0.9291535255378021
L1,6,0.1,0.8196089854961389,0.9053225864276992,0.9251025357710274
L1,5,0.1,0.8270956827160794,0.9094480099027538,0.9243888922436707
L2,4,100.0,0.835292597157595,0.9139434321431469,0.9236239535224582
L1,7,0.1,0.8369222724245589,0.9148345601389133,0.9233763339317573
L1,9,0.1,0.8406696161008274,0.9168803717502231,0.9230308204735616
L1,10,0.1,0.8419924150734058,0.9176014467476639,0.9229033281322186
L1,8,0.1,0.8433335557150785,0.9183319420095756,0.9227823888090407
L1,5,0.0001,0.8811965847646228,0.9387207171276358,0.9180423720675872
L2,9,100.0,0.8854316766445738,0.9409737916884687,0.9183383926254655
L1,8,0.001,0.9057679971503813,0.951718444262998,0.9162514393890578
L1,3,0.01,0.9553714558565032,0.9774310491571787,0.9119360384968758
L1,3,0.001,0.9577125593010367,0.9786278962409751,0.9116323497956635
L1,9,0.001,0.9624863674253682,0.9810638956894542,0.9113863948455678
L2,3,1.0,0.9626739302710693,0.9811594825873464,0.911178235148846
L1,3,0.0001,0.9633365710272146,0.9814971069887137,0.91111318830472
L2,3,0.1,0.963912018489531,0.9817902110377404,0.9110607328475829
L2,3,10.0,0.9639174256759493,0.9817929647720792,0.9111037246589572
L2,3,0.01,0.9640604985618972,0.9818658251318747,0.9110467210115539
L2,3,0.001,0.9640756134625962,0.9818735221313365,0.9110452953632807
L2,3,0.0001,0.9640771276434081,0.9818742931981711,0.9110451525518091
L1,10,0.001,0.9808118217613767,0.9903594406887717,0.9096972034240551
L2,10,100.0,1.0146678284674209,1.007307216527024,0.9060794874590409
L2,8,10.0,1.0723732516119369,1.0355545623538804,0.9009620340855855
L1,4,0.1,1.0886320014606683,1.0433752927210171,0.9006785056458761
L2,5,0.1,1.1306845725839412,1.0633365283784533,0.8952089642490175
L2,3,100.0,1.175138438599625,1.0840380245174175,0.8920792689921362
L2,9,10.0,1.2430018074679128,1.1148999091702863,0.885633592044367
L1,3,0.1,1.3561632942765802,1.1645442431597781,0.8758280243859728
L2,6,1.0,1.392259140642992,1.179940312322192,0.8719375032190582
L2,5,0.01,1.4170332774462373,1.1903920687934026,0.868778934068666
L2,5,0.001,1.4643643284901735,1.2101092217193345,0.8644041263219119
L2,5,0.0001,1.4694335350399794,1.212201936576567,0.8639354027680584
L2,7,1.0,1.6880601615745725,1.2992536940777089,0.8447245361324421
L2,10,10.0,1.7266664051248348,1.314026790109256,0.8403360947417037
L2,8,1.0,2.5044072054747466,1.5825318971429128,0.7684465907535734
L2,9,1.0,2.7618094524821735,1.6618692645578874,0.744258403441312
L1,10,0.0001,2.8076707143866457,1.6756105497360196,0.7385528270175763
L1,9,0.0001,3.014794875425443,1.7363164675327603,0.7201784321842849
L1,2,0.001,3.2147972904816022,1.7929855801097794,0.7054420161154555
L2,2,10.0,3.21502037449635,1.7930477892394139,0.7054859448582222
L2,2,1.0,3.2150703240008105,1.793061717844874,0.705414922013433
L1,2,0.0001,3.2152389509783865,1.7931087393067902,0.7053927226879987
L2,2,0.1,3.21527471321697,1.7931187114123175,0.7053891898993733
L2,2,0.01,3.215297273988059,1.7931250023319787,0.7053864184011157
L2,2,0.001,3.215299551419283,1.7931256373771702,0.7053861392557059
L2,2,0.0001,3.2152997793760827,1.7931257009412593,0.7053861113211963
L1,2,0.01,3.2157069573648642,1.793239235953994,0.7054392498639623
L2,2,100.0,3.334183564783372,1.8259746889766495,0.6950235653858585
L2,10,1.0,3.4353636205144475,1.8534733935275272,0.6795103272517424
L1,7,0.0001,3.45171343765233,1.8578787467572608,0.6791244886273002
L1,2,0.1,3.4598538642118286,1.8600682418158287,0.6837352211844406
L1,6,0.0001,3.4757560961030847,1.8643379779704872,0.6795661120756673
L1,8,0.0001,3.903771627013275,1.975796453841659,0.632617693799394
L2,7,0.1,4.500211571391629,2.1213702108287533,0.5849345899076741
L2,8,0.1,4.5020487870661485,2.1218031923498817,0.5814291454852435
L2,9,0.1,4.522735869052014,2.1266724874912013,0.5791816002348126
L2,10,0.1,4.669082347379428,2.1608059485709097,0.5646052685715959
L2,6,0.1,4.931833862690701,2.2207732578295114,0.5478362071378544
L2,10,0.01,5.147202811386789,2.2687447655888464,0.5208285599152334
L2,10,0.001,5.231046482816545,2.2871481112548318,0.5131708095312203
L2,10,0.0001,5.240229746619264,2.2891548105401838,0.5123319954360329
L2,9,0.01,5.407441368735045,2.3253905841245346,0.4967370645320532
L2,9,0.001,5.5710314654391535,2.3603032570920104,0.4815775011270803
L2,9,0.0001,5.589029283646562,2.3641127899587535,0.47991099814392835
L2,8,0.01,6.495654835755291,2.548657457516661,0.39200838577168395
L2,8,0.001,7.131377171082079,2.6704638494243054,0.3314038088983523
L2,8,0.0001,7.210110967831113,2.685164979629951,0.3238985412662032
L1,6,1.0,7.655387041312582,2.766837010254233,0.29969631203716535
L1,5,1.0,7.66182486678724,2.7680001565728354,0.2991010289435584
L1,8,1.0,7.6840999857802,2.7720209208770776,0.29673243860641135
L1,9,1.0,7.6840999857802,2.7720209208770776,0.29673243860641135
L1,7,1.0,7.6840999857802,2.7720209208770776,0.29673243860641135
L1,10,1.0,7.6840999857802,2.7720209208770776,0.29673243860641135
L1,4,1.0,7.739298652882587,2.781959498785449,0.29203374020643613
L1,3,1.0,7.780876133119304,2.7894221862456217,0.28837326074998837
L2,7,0.01,8.281948813038563,2.877837523738712,0.22964223388868876
L1,2,1.0,8.510682617861457,2.917307426011434,0.22132617702364105
L2,1,10.0,9.882677654924423,3.1436726380023132,0.09837748253760717
L2,1,100.0,9.883857262557251,3.1438602485729628,0.09805156920620914
L2,1,1.0,9.884707652997623,3.1439954918857027,0.09821427175874298
L1,1,0.001,9.884936522829069,3.1440318896011643,0.0981863747565214
L2,1,0.1,9.884940403192406,3.1440325067009733,0.09819523195920161
L1,1,0.0001,9.884962534581295,3.1440360262855283,0.09819251813041778
L2,1,0.01,9.884963986629904,3.1440362572066345,0.098193299787673
L2,1,0.001,9.88496634806909,3.1440366327492257,0.09819310628756853
L2,1,0.0001,9.884966584243974,3.144036670308407,0.09819308693472746
L1,1,0.01,9.885441559328639,3.1441122052701362,0.09805422796503056
L1,1,0.1,9.938686630097273,3.152568259387459,0.0926390807694227
L2,7,0.001,11.027567780238204,3.3207781889548427,-0.030202586521246678
L1,5,10.0,11.108356247175658,3.3329200781260355,-0.0168875482680535
L1,6,100.0,11.108356247175658,3.3329200781260355,-0.0168875482680535
L1,7,100.0,11.108356247175658,3.3329200781260355,-0.0168875482680535
L1,4,100.0,11.108356247175658,3.3329200781260355,-0.0168875482680535
L1,4,10.0,11.108356247175658,3.3329200781260355,-0.0168875482680535
L1,5,100.0,11.108356247175658,3.3329200781260355,-0.0168875482680535
L1,1,10.0,11.108356247175658,3.3329200781260355,-0.0168875482680535
L1,1,100.0,11.108356247175658,3.3329200781260355,-0.0168875482680535
L1,1,1.0,11.108356247175658,3.3329200781260355,-0.0168875482680535
L1,3,10.0,11.108356247175658,3.3329200781260355,-0.0168875482680535
L1,3,100.0,11.108356247175658,3.3329200781260355,-0.0168875482680535
L1,2,100.0,11.108356247175658,3.3329200781260355,-0.0168875482680535
L1,2,10.0,11.108356247175658,3.3329200781260355,-0.0168875482680535
L1,6,10.0,11.108356247175658,3.3329200781260355,-0.0168875482680535
L1,7,10.0,11.108356247175658,3.3329200781260355,-0.0168875482680535
L1,10,100.0,11.108356247175658,3.3329200781260355,-0.0168875482680535
L1,10,10.0,11.108356247175658,3.3329200781260355,-0.0168875482680535
L1,9,10.0,11.108356247175658,3.3329200781260355,-0.0168875482680535
L1,9,100.0,11.108356247175658,3.3329200781260355,-0.0168875482680535
L1,8,10.0,11.108356247175658,3.3329200781260355,-0.0168875482680535
L1,8,100.0,11.108356247175658,3.3329200781260355,-0.0168875482680535
L2,7,0.0001,11.619644869510376,3.4087600193487333,-0.08587310406303736
L2,6,0.01,18.28301962574626,4.275864781040937,-0.6770683162575633
L2,6,0.001,51.384762666298926,7.1683165852450275,-3.760411568410981
L2,6,0.0001,126.0842930507539,11.228726243468309,-10.799039700372937
